Name of University,Name of University_lbEncode,Location,Location_lbEncode
AGH University of Krakow,0,Poland,69
University of Aveiro,1140,Portugal,70
University of Arkansas,1138,United States,94
University of Arizona,1137,United States,94
University of Applied Sciences and Arts of Western Switzerland,1136,Switzerland,84
University of Antwerp,1135,Belgium,6
University of Antofagasta,1134,Chile,12
University of Antioquia,1133,Colombia,14
University of Anbar,1132,Iraq,38
University of Amsterdam,1131,Netherlands,60
University of Almería,1130,Spain,81
University of Alicante,1129,Spain,81
University of Algarve,1128,Portugal,70
University of Alcalá,1127,Spain,81
University of Alberta,1126,Canada,11
University of Alaska Fairbanks,1125,United States,94
"University of Agriculture, Faisalabad",1124,Pakistan,66
University of Adelaide,1123,Unknown Location,95
University of Abou Bekr Belkaïd Tlemcen,1122,Algeria,0
University of Aberdeen,1121,United Kingdom,93
University of A Coruña,1120,Spain,81
University at Buffalo,1119,United States,94
University Rey Juan Carlos,1118,Spain,81
University Mohamed Boudiaf of M’Sila,1117,Algeria,0
University College Dublin,1116,Ireland,39
University of Auckland,1139,New Zealand,61
University of Babylon,1141,Iraq,38
Sciences Po,849,France,27
University of Baghdad,1142,Iraq,38
University of Bremen,1165,Germany,29
University of Brawijaya,1164,Indonesia,36
University of Brasília,1163,Brazil,8
University of Bradford,1162,United Kingdom,93
University of Botswana,1161,Botswana,7
University of Bordeaux,1160,Unknown Location,95
University of Bonn,1159,Germany,29
University of Bologna,1158,Unknown Location,95
University of Biskra,1157,Algeria,0
University of Birmingham,1156,United Kingdom,93
University of Bern,1155,Switzerland,84
University of Bergen,1154,Norway,64
University of Bergamo,1153,Italy,41
University of Benin,1152,Nigeria,62
University of Belgrade,1151,Serbia,75
University of Beira Interior,1150,Portugal,70
University of Bedfordshire,1149,United Kingdom,93
University of Bayreuth,1148,Germany,29
University of Bath,1147,United Kingdom,93
University of Basrah,1146,Iraq,38
University of Basel,1145,Switzerland,84
University of Bari Aldo Moro,1144,Italy,41
University of Barcelona,1143,Spain,81
University College Cork,1115,Ireland,39
Universiti Utara Malaysia,1114,Malaysia,51
Universiti Tunku Abdul Rahman (UTAR),1113,Malaysia,51
Universiti Tun Hussein Onn Malaysia (UTHM),1112,Malaysia,51
Universidade do Estado do Rio de Janeiro (UERJ),1085,Brazil,8
Universidade do Estado de Santa Catarina,1084,Brazil,8
Universidade Tecnológica Federal do Paraná (UTFPR),1083,Brazil,8
Universidade Nove de Julho (Uninove),1082,Brazil,8
Universidade Federal do Vale do São Francisco,1081,Brazil,8
Universidade Federal do Triângulo Mineiro,1080,Brazil,8
Universidade Federal do Rio Grande do Sul,1079,Brazil,8
Universidade Federal do Paraná (UFPR),1078,Brazil,8
Universidade Federal do Maranhão (UFMA),1077,Brazil,8
Universidade Federal do Ceará (UFC),1076,Brazil,8
Universidade Federal do ABC (UFABC),1075,Brazil,8
Universidade Federal de São Paulo (UNIFESP),1074,Brazil,8
Universidade Federal de Sergipe,1073,Brazil,8
Universidade Federal de Santa Catarina,1072,Brazil,8
Universidade Federal de Ouro Preto (UFOP),1071,Brazil,8
Universidade Federal de Juiz de Fora,1070,Brazil,8
Universidade Federal de Ciências da Saúde de Porto Alegre (UFCSPA),1069,Brazil,8
Universidade Federal da Bahia,1068,Brazil,8
Universidade Federal Rural do Semi-Arido,1067,Brazil,8
Universidade Estadual do Oeste do Paraná (Unioeste),1066,Brazil,8
Universidade Estadual do Norte Fluminense Darcy Ribeiro,1065,Brazil,8
Universidade Estadual de Maringá,1064,Brazil,8
Universidade Estadual Paulista (Unesp),1063,Brazil,8
Universitas Airlangga,1086,Unknown Location,95
Universitas Andalas,1087,Indonesia,36
Universitas Gadjah Mada,1088,Indonesia,36
Universiti Malaysia Perlis,1101,Malaysia,51
Universiti Tenaga Nasional (UNITEN),1111,Malaysia,51
Universiti Teknologi Petronas,1110,Malaysia,51
Universiti Teknologi MARA,1109,Malaysia,51
Universiti Teknikal Malaysia Melaka,1108,Malaysia,51
Universiti Sains Malaysia,1107,Malaysia,51
Universiti Putra Malaysia,1106,Malaysia,51
Universiti Pendidikan Sultan Idris,1105,Malaysia,51
Universiti Malaysia Terengganu (UMT),1104,Malaysia,51
Universiti Malaysia Sarawak (UNIMAS),1103,Unknown Location,95
Universiti Malaysia Sabah (UMS),1102,Malaysia,51
Universiti Malaysia Pahang,1100,Malaysia,51
Universitas Padjadjaran,1089,Indonesia,36
Universiti Malaysia Kelantan,1099,Malaysia,51
Universiti Kuala Lumpur,1098,Malaysia,51
Universiti Kebangsaan Malaysia,1097,Malaysia,51
Universiti Brunei Darussalam,1096,Brunei Darussalam,9
Universitat Ramon Llull,1095,Spain,81
Universitat Politècnica de Catalunya,1094,Spain,81
Universitat Internacional de Catalunya,1093,Spain,81
Universitas Sumatera Utara,1092,Indonesia,36
Universitas Sebelas Maret,1091,Indonesia,36
Universitas Pendidikan Indonesia,1090,Indonesia,36
University of Brescia,1166,Italy,41
University of Brighton,1167,United Kingdom,93
University of Bristol,1168,Unknown Location,95
University of Dar es Salaam,1221,Tanzania,86
University of Ferrara,1245,Italy,41
University of Extremadura,1244,Spain,81
University of Exeter,1243,United Kingdom,93
University of Essex,1242,United Kingdom,93
University of Erlangen-Nuremberg,1241,Germany,29
"University of Engineering and Technology, Taxila",1240,Pakistan,66
"University of Engineering and Technology, Peshawar",1239,Pakistan,66
University of Engineering & Technology (UET) Lahore,1238,Pakistan,66
University of Electronic Science and Technology of China,1237,China,13
University of Edinburgh,1236,United Kingdom,93
University of Eastern Finland,1235,Finland,26
University of East London,1234,United Kingdom,93
University of East Anglia,1233,Unknown Location,95
University of Dundee,1232,United Kingdom,93
University of Duisburg-Essen,1231,Germany,29
University of Dhaka,1230,Bangladesh,5
University of Deusto,1229,Spain,81
University of Desarrollo,1228,Chile,12
University of Derby,1227,United Kingdom,93
University of Denver,1226,United States,94
University of Delhi,1225,India,35
University of Delaware,1224,United States,94
University of Debrecen,1223,Unknown Location,95
University of Florence,1246,Italy,41
University of Florida,1247,United States,94
University of Foggia,1248,Italy,41
University of Glasgow,1261,Unknown Location,95
University of Gujrat,1271,Pakistan,66
University of Guelph,1270,Canada,11
University of Guanajuato,1269,Mexico,54
University of Guadalajara,1268,Unknown Location,95
University of Groningen,1267,Unknown Location,95
University of Greifswald,1266,Germany,29
University of Greenwich,1265,United Kingdom,93
University of Graz,1264,Austria,3
University of Granada,1263,Spain,81
University of Gothenburg,1262,Sweden,83
University of Girona,1260,Spain,81
University of Fort Hare,1249,South Africa,79
University of Ghana,1259,Ghana,30
University of Georgia,1258,United States,94
University of Genoa,1257,Italy,41
University of Geneva,1256,Switzerland,84
University of Gdańsk,1255,Poland,69
University of Galway,1254,Ireland,39
University of Fukui,1253,Japan,43
University of Fribourg,1252,Switzerland,84
University of Freiburg,1251,Germany,29
University of Fortaleza (UNIFOR),1250,Brazil,8
University of Dayton,1222,United States,94
University of Côte d’Azur,1220,France,27
University of British Columbia,1169,Canada,11
University of Córdoba,1219,Spain,81
University of Canterbury,1192,Unknown Location,95
University of Canberra,1191,Australia,2
University of Campinas,1190,Brazil,8
University of Campania Luigi Vanvitelli,1189,Italy,41
University of Camerino (Unicam),1188,Italy,41
University of Cambridge,1187,United Kingdom,93
"University of California, Santa Cruz",1186,United States,94
"University of California, Santa Barbara",1185,United States,94
"University of California, San Diego",1184,United States,94
"University of California, Riverside",1183,United States,94
"University of California, Merced",1182,United States,94
"University of California, Los Angeles",1181,United States,94
"University of California, Irvine",1180,United States,94
"University of California, Davis",1179,United States,94
"University of California, Berkeley",1178,United States,94
University of Calgary,1177,Canada,11
University of Calcutta,1176,Unknown Location,95
University of Calabria,1175,Italy,41
University of Cadiz,1174,Spain,81
University of Bío-Bío,1173,Chile,12
University of Béjaïa,1172,Algeria,0
University of Burgos,1171,Spain,81
University of Bucharest,1170,Romania,73
University of Cape Coast,1193,Unknown Location,95
University of Cape Town,1194,Unknown Location,95
University of Carthage,1195,Tunisia,88
University of Colombo,1208,Sri Lanka,82
University of Cyprus,1218,Unknown Location,95
University of Crete,1217,Greece,31
University of Craiova,1216,Romania,73
University of Costa Rica,1215,Costa Rica,15
University of Copenhagen,1214,Denmark,20
University of Connecticut,1213,United States,94
University of Concepción,1212,Chile,12
University of Colorado Denver/Anschutz Medical Campus,1211,United States,94
University of Colorado Colorado Springs,1210,United States,94
University of Colorado Boulder,1209,United States,94
University of Cologne,1207,Germany,29
University of Castilla-La Mancha,1196,Spain,81
University of Colima,1206,Mexico,54
University of Coimbra,1205,Portugal,70
University of Clermont Auvergne,1204,France,27
University of Chile,1203,Chile,12
University of Chester,1202,United Kingdom,93
"University of Chemistry and Technology, Prague",1201,Czech Republic,19
University of Central Lancashire,1200,United Kingdom,93
University of Central Florida,1199,United States,94
University of Caxias do Sul,1198,Brazil,8
University of Catania,1197,Italy,41
Universidade Eduardo Mondlane,1062,Mozambique,57
Universidad de las Fuerzas Armadas – ESPE,1061,Ecuador,21
Universidad San Francisco de Quito,1060,Ecuador,21
South Valley University,902,Egypt,22
Sun Yat-sen University,926,China,13
Sumy State University,925,Ukraine,91
Sultan Qaboos University,924,Oman,65
Suez Canal University,923,Egypt,22
Stony Brook University,922,United States,94
Stockholm University,921,Sweden,83
Stevens Institute of Technology,920,United States,94
Stellenbosch University,919,Unknown Location,95
State University of Santa Cruz,918,Brazil,8
State University of Ponta Grossa,917,Brazil,8
State University of Malang,916,Indonesia,36
Stanford University,915,United States,94
Staffordshire University,914,United Kingdom,93
St Marianna University School of Medicine,913,Japan,43
"St George’s, University of London",912,United Kingdom,93
Srinakharinwirot University,911,Thailand,87
Sri Venkateswara University,910,India,35
Southwestern University of Finance and Economics,909,China,13
Southwest Jiaotong University,908,Unknown Location,95
Southern University of Science and Technology (SUSTech),907,Unknown Location,95
Southern Medical University,906,Unknown Location,95
Southern Illinois University Carbondale,905,United States,94
Southern Cross University,904,Australia,2
Sungkyunkwan University (SKKU),927,Unknown Location,95
Sunway University,928,Malaysia,51
Suranaree University of Technology,929,Thailand,87
Tallinn University,942,Estonia,23
Technical University of Darmstadt,952,Germany,29
Technical University of Crete,951,Greece,31
Technical University of Cluj-Napoca,950,Romania,73
Technical University of Cartagena,949,Spain,81
Technical University of Berlin,948,Germany,29
Taras Shevchenko National University of Kyiv,947,Ukraine,91
Tanta University,946,Egypt,22
Tampere University,945,Finland,26
Tamkang University,944,Taiwan,85
Tamil Nadu Agricultural University,943,India,35
Taipei Medical University,941,Unknown Location,95
Swansea University,930,United Kingdom,93
Taibah University,940,Saudi Arabia,74
TU Wien,939,Austria,3
TU Dresden,938,Germany,29
TU Dortmund University,937,Germany,29
TOBB University of Economics and Technology,936,Turkey,89
Süleyman Demirel University,935,Turkey,89
Syracuse University,934,United States,94
Symbiosis International University,933,Unknown Location,95
Swinburne University of Technology,932,Australia,2
Swedish University of Agricultural Sciences,931,Sweden,83
Southeast University,903,China,13
South China University of Technology,901,China,13
Technical University of Košice,954,Slovakia,77
South China Normal University,900,China,13
Shiga University of Medical Science,873,Japan,43
Shibaura Institute of Technology,872,Japan,43
Shenzhen University,871,China,13
Sheffield Hallam University,870,United Kingdom,93
Sharif University of Technology,869,Iran,37
Shantou University,868,China,13
Shanghai University,867,China,13
Shanghai Maritime University,866,China,13
Shanghai Jiao Tong University,865,China,13
Shahrood University of Technology,864,Iran,37
Shahrekord University,863,Iran,37
Shahid Rajaee Teacher Training University,862,Iran,37
Shahid Beheshti University of Medical Sciences,861,Iran,37
Shahid Beheshti University,860,Iran,37
Shahid Bahonar University of Kerman,859,Iran,37
Shahed University,858,Iran,37
Seoul National University of Science and Technology (SeoulTech),857,South Korea,80
Seoul National University,856,South Korea,80
Semnan University of Medical Sciences and Health Services,855,Iran,37
Semnan University,854,Iran,37
Semmelweis University,853,Unknown Location,95
Selçuk University,852,Turkey,89
Sejong University,851,South Korea,80
Shimane University,874,Japan,43
Shinshu University,875,Japan,43
Shiraz University,876,Iran,37
Sivas Cumhuriyet University,889,Turkey,89
Sorbonne University,899,France,27
Sophia University,898,Unknown Location,95
Soongsil University,897,South Korea,80
Soonchunhyang University,896,South Korea,80
"Soochow University, China",895,Unknown Location,95
Sohag University,894,Egypt,22
Sogang University,893,South Korea,80
Sofia University,892,Bulgaria,10
Slovak University of Technology in Bratislava,891,Slovakia,77
Slovak University of Agriculture in Nitra,890,Slovakia,77
Simon Fraser University,888,Unknown Location,95
Shiraz University of Medical Sciences,877,Iran,37
Silpakorn University,887,Thailand,87
Silesian University of Technology,886,Poland,69
Siksha ‘O’ Anusandhan,885,Unknown Location,95
Sidi Mohamed Ben Abdellah University,884,Morocco,56
Sichuan University of Science and Engineering,883,China,13
Sichuan University,882,China,13
Showa University,881,Japan,43
Shoolini University of Biotechnology and Management Sciences,880,India,35
Shizuoka University,879,Japan,43
Shiraz University of Technology,878,Iran,37
Technical University of Denmark,953,Denmark,20
Technical University of Liberec,955,Czech Republic,19
Universidad Pontificia Bolivariana (UPB),1059,Colombia,14
Tokyo University of Agriculture,1008,Japan,43
UNSW Sydney,1032,Unknown Location,95
UNIR – International University of La Rioja,1031,Spain,81
UCL,1030,United Kingdom,93
Tzu Chi University,1029,Taiwan,85
Tunghai University,1028,Taiwan,85
Tulane University,1027,United States,94
Tufts University,1026,United States,94
Tsinghua University,1025,Unknown Location,95
Tshwane University of Technology,1024,South Africa,79
Trinity College Dublin,1023,Unknown Location,95
Tribhuvan University,1022,Nepal,59
Transilvania University of Brașov,1021,Romania,73
Toyota Technological Institute,1020,Japan,43
Toyohashi University of Technology (TUT),1019,Japan,43
Toyo University,1018,Japan,43
Tottori University,1017,Japan,43
Toronto Metropolitan University,1016,Unknown Location,95
Tongji University,1015,China,13
Ton Duc Thang University,1014,Unknown Location,95
Tomas Bata University in Zlín,1013,Czech Republic,19
Tokyo University of Science,1012,Japan,43
Tokyo University of Pharmacy and Life Sciences,1011,Japan,43
Tokyo University of Marine Science and Technology,1010,Japan,43
USAMV Cluj-Napoca,1033,Romania,73
UiT The Arctic University of Norway,1034,Norway,64
Ulm University,1035,Germany,29
Universidad Autónoma del Estado de Hidalgo,1048,Mexico,54
Universidad Politécnica Salesiana,1058,Ecuador,21
Universidad Peruana Cayetano Heredia,1057,Peru,67
Universidad Panamericana (UP),1056,Mexico,54
Universidad Nacional del Litoral,1055,Argentina,1
Universidad Nacional Mayor de San Marcos,1054,Peru,67
Universidad Michoacana de San Nicolás de Hidalgo,1053,Mexico,54
Universidad Industrial de Santander (UIS),1052,Colombia,14
Universidad Católica San Antonio de Murcia (UCAM),1051,Spain,81
Universidad Autónoma del Estado de Morelos,1050,Mexico,54
Universidad Autónoma del Estado de Mexico (UAEMex),1049,Mexico,54
Universidad Autónoma de Yucatán,1047,Mexico,54
Ulsan National Institute of Science and Technology (UNIST),1036,Unknown Location,95
Universidad Autónoma de Querétaro,1046,Mexico,54
Universidad Autónoma de Nuevo León (UANL),1045,Mexico,54
Universidad Autónoma de Coahuila,1044,Mexico,54
Universidad Autónoma de Ciudad Juárez,1043,Mexico,54
Universidad Autónoma de Chile,1042,Chile,12
Universidad Autónoma Chapingo,1041,Mexico,54
Universidad Andrés Bello (UNAB),1040,Chile,12
United Arab Emirates University,1039,Unknown Location,95
Unisinos University,1038,Brazil,8
Umeå University,1037,Sweden,83
Tokyo University of Agriculture and Technology,1009,Japan,43
Tokyo Metropolitan University,1007,Unknown Location,95
Technical University of Loja,956,Ecuador,21
Tokyo Medical and Dental University (TMDU),1006,Japan,43
The Jikei University School of Medicine,979,Japan,43
The Islamia University of Bahawalpur,978,Pakistan,66
The Hong Kong University of Science and Technology,977,Unknown Location,95
The Hashemite University,976,Unknown Location,95
The Catholic University of Korea,975,Unknown Location,95
The British University in Egypt,974,Egypt,22
Thammasat University,973,Unknown Location,95
Tezpur University,972,India,35
Texas Tech University,971,United States,94
Texas State University,970,United States,94
Texas A&M University,969,United States,94
Temuco Catholic University,968,Chile,12
Temple University,967,United States,94
Telkom University,966,Indonesia,36
Tel Aviv University,965,Israel,40
Teikyo University,964,Japan,43
Teesside University,963,United Kingdom,93
Technological University of Pereira,962,Colombia,14
Technological University Dublin,961,Ireland,39
Technion Israel Institute of Technology,960,Israel,40
Technical University of Sofia,959,Bulgaria,10
Technical University of Munich,958,Unknown Location,95
Technical University of Madrid,957,Spain,81
The John Paul II Catholic University of Lublin,980,Poland,69
The New School,981,United States,94
The Open University,982,United Kingdom,93
Tianjin University,995,China,13
Tokyo Medical University,1005,Japan,43
Tokyo Institute of Technology,1004,Japan,43
Tokyo Denki University,1003,Japan,43
Tokyo City University,1002,Japan,43
Tokushima University,1001,Japan,43
Tokat Gaziosmanpaşa University,1000,Turkey,89
Tokai University,999,Japan,43
Tohoku University,998,Japan,43
Toho University,997,Japan,43
Tilburg University,996,Unknown Location,95
The University of the West Indies,994,Jamaica,42
The University of Aizu,983,Japan,43
The University of Western Australia,993,Australia,2
The University of Tulsa,992,United States,94
The University of Tokyo,991,Japan,43
The University of Tennessee-Knoxville,990,United States,94
The University of Sydney,989,Australia,2
The University of Queensland,988,Unknown Location,95
The University of Jordan,987,Jordan,44
The University of Electro-Communications,986,Japan,43
The University of Chicago,985,United States,94
The University of Alabama,984,United States,94
University of Göttingen,1272,Germany,29
University of Haifa,1273,Israel,40
University of Hail,1274,Saudi Arabia,74
University of Vienna,1539,Austria,3
University of Zanjan,1563,Iran,37
University of Zambia,1562,Zambia,98
University of Zagreb,1561,Croatia,16
University of York,1560,United Kingdom,93
University of Yamanashi,1559,Japan,43
University of Würzburg,1558,Germany,29
University of Wyoming,1557,United States,94
University of Wrocław,1556,Poland,69
University of Wollongong,1555,Australia,2
University of Wisconsin-Milwaukee,1554,United States,94
University of Wisconsin-Madison,1553,United States,94
University of Winchester,1552,United Kingdom,93
University of Westminster,1551,United Kingdom,93
University of Western Macedonia,1550,Greece,31
University of West Bohemia,1549,Czech Republic,19
University of West Attica,1548,Greece,31
University of Waterloo,1547,Canada,11
University of Washington,1546,United States,94
University of Warwick,1545,Unknown Location,95
University of Warsaw,1544,Poland,69
University of Warmia and Mazury in Olsztyn,1543,Poland,69
University of Waikato,1542,New Zealand,61
University of Virginia (Main campus),1541,United States,94
University of Zaragoza,1564,Spain,81
University of Zimbabwe,1565,Zimbabwe,99
University of Zurich,1566,Switzerland,84
University of the Sunshine Coast,1579,Australia,2
Université Chouaïb Doukkali,1589,Morocco,56
Université Catholique de Louvain,1588,Belgium,6
Université Bourgogne Franche-Comté (UBFC),1587,France,27
Université 8 Mai 1945 Guelma,1586,Algeria,0
Universität Heidelberg,1585,Unknown Location,95
Università della Svizzera italiana,1584,Switzerland,84
University of Žilina,1583,Slovakia,77
University of Łódź,1582,Poland,69
University of the Witwatersrand,1581,Unknown Location,95
University of the West of England,1580,United Kingdom,93
University of the South Pacific,1578,Fiji,25
University of the Aegean,1567,Greece,31
University of the Ryukyus,1577,Japan,43
University of the Punjab,1576,Pakistan,66
University of the Philippines,1575,Philippines,68
"University of the North, Colombia",1574,Colombia,14
University of the Free State,1573,South Africa,79
University of the Basque Country,1572,Spain,81
University of the Balearic Islands,1571,Spain,81
"University of the Andes, Venezuela",1570,Venezuela,96
"University of the Andes, Colombia",1569,Colombia,14
"University of the Andes, Chile",1568,Chile,12
University of Vigo,1540,Spain,81
University of Victoria,1538,Canada,11
Université Grenoble Alpes,1591,France,27
University of Vic – Central University of Catalonia,1537,Spain,81
University of Texas Rio Grande Valley,1510,United States,94
"University of Technology, Iraq",1509,Iraq,38
University of Technology of Troyes,1508,France,27
University of Technology of Compiègne,1507,France,27
University of Technology Sydney,1506,Unknown Location,95
University of Tasmania,1505,Australia,2
University of Tartu,1504,Unknown Location,95
University of Tarapacá,1503,Chile,12
University of Talca,1502,Chile,12
University of Tabuk,1501,Saudi Arabia,74
University of São Paulo,1500,Brazil,8
University of Szeged,1499,Hungary,33
University of Sussex,1498,United Kingdom,93
University of Surrey,1497,United Kingdom,93
University of Sunderland,1496,United Kingdom,93
University of Stuttgart,1495,Germany,29
University of Strathclyde,1494,United Kingdom,93
University of Strasbourg,1493,France,27
University of Stirling,1492,United Kingdom,93
University of Stavanger,1491,Norway,64
University of St Gallen,1490,Switzerland,84
University of St Andrews,1489,United Kingdom,93
University of Split,1488,Croatia,16
University of Texas at Austin,1511,United States,94
University of Texas at Dallas,1512,United States,94
University of Texas at El Paso,1513,United States,94
University of Twente,1526,Netherlands,60
"University of Veterinary and Animal Sciences, Lahore",1536,Pakistan,66
University of Venda,1535,South Africa,79
University of Valparaíso,1534,Chile,12
University of Valladolid,1533,Spain,81
University of Valencia,1532,Spain,81
University of Vaasa,1531,Finland,26
University of Utah,1530,United States,94
University of Urbino Carlo Bo,1529,Italy,41
University of Udine,1528,Italy,41
University of Tübingen,1527,Germany,29
University of Tuscia,1525,Italy,41
University of Thessaly,1514,Greece,31
University of Turku,1524,Unknown Location,95
University of Turin,1523,Italy,41
University of Tunis El Manar,1522,Tunisia,88
University of Tunis,1521,Tunisia,88
University of Tsukuba,1520,Japan,43
University of Trás-os-Montes and Alto Douro,1519,Portugal,70
University of Trieste,1518,Italy,41
University of Trento,1517,Italy,41
University of Toyama,1516,Japan,43
University of Toronto,1515,Canada,11
Université Frères Mentouri Constantine 1,1590,Algeria,0
Université Hassan 1er,1592,Morocco,56
University of Southern Denmark,1486,Denmark,20
William & Mary,1645,United States,94
Yokohama National University,1669,Japan,43
Yokohama City University,1668,Japan,43
Yeungnam University,1667,South Korea,80
Yeditepe University,1666,Turkey,89
Yazd University,1665,Iran,37
Yasouj University,1664,Iran,37
Yarmouk University,1663,Jordan,44
Yanshan University,1662,China,13
Yangzhou University,1661,China,13
Yamaguchi University,1660,Japan,43
Yamagata University,1659,Japan,43
Yale University,1658,United States,94
Xuzhou Medical University,1657,China,13
Xi’an Jiaotong University,1656,China,13
Xidian University,1655,China,13
Xiangtan University,1654,China,13
Xiamen University,1653,China,13
Wuhan University of Technology,1652,China,13
Wuhan University,1651,China,13
Wuhan Textile University,1650,China,13
Wrocław University of Science and Technology,1649,Poland,69
Wrocław University of Environmental and Life Sciences,1648,Poland,69
Wroclaw Medical University,1647,Poland,69
Yonsei University (Seoul campus),1670,Unknown Location,95
York University,1671,Unknown Location,95
Yuan Ze University,1672,Taiwan,85
Zonguldak Bülent Ecevit University,1685,Turkey,89
Ştefan cel Mare University of Suceava,1695,Romania,73
Örebro University,1694,Sweden,83
Óbuda University,1693,Hungary,33
École des Ponts ParisTech,1692,France,27
École des Mines de Saint-Étienne,1691,France,27
École Polytechnique Fédérale de Lausanne,1690,Switzerland,84
École Normale Supérieure de Lyon,1689,France,27
École Nationale des Travaux Publics de l'État (ENTPE),1688,France,27
École Centrale de Lyon,1687,France,27
Åbo Akademi University,1686,Finland,26
Zhengzhou University,1684,China,13
Yuriy Fedkovych Chernivtsi National University,1673,Ukraine,91
Zhejiang University of Technology,1683,China,13
Zhejiang University of Finance and Economics,1682,China,13
Zhejiang University,1681,Unknown Location,95
Zhejiang Normal University,1680,China,13
Zhejiang Gongshang University,1679,China,13
Zewail City of Science and Technology,1678,Egypt,22
Zayed University,1677,United Arab Emirates,92
Zanjan University of Medical Sciences,1676,Iran,37
Zagazig University,1675,Egypt,22
Yıldız Technical University,1674,Unknown Location,95
Worcester Polytechnic Institute,1646,United States,94
Western University,1644,Unknown Location,95
Université Hassan II de Casablanca,1593,Morocco,56
Western Sydney University,1643,Australia,2
Verona University,1616,Italy,41
Veltech University,1615,India,35
Vanderbilt University,1614,United States,94
Van Yüzüncü Yil University,1613,Turkey,89
VSB - Technical University of Ostrava,1612,Unknown Location,95
VIT University,1611,India,35
V.N. Karazin Kharkiv National University,1610,Ukraine,91
Uşak University,1609,Turkey,89
Utsunomiya University,1608,Japan,43
Utrecht University,1607,Netherlands,60
Urmia University of Medical Sciences,1606,Iran,37
Urmia University,1605,Iran,37
Uppsala University,1604,Sweden,83
Université du Québec,1603,Canada,11
Université de Gabès,1602,Tunisia,88
Université Sorbonne Nouvelle,1601,France,27
Université Saint-Joseph de Beyrouth,1600,Lebanon,48
Université Polytechnique Hauts-de-France,1599,France,27
Université Paris-Saclay,1598,France,27
Université Paris Cité,1597,Unknown Location,95
Université Mouloud Mammeri de Tizi-Ouzou,1596,Algeria,0
Université Libre de Bruxelles,1595,Belgium,6
Université Laval,1594,Canada,11
Victoria University,1617,Australia,2
Victoria University of Wellington,1618,New Zealand,61
Vietnam National University (Ho Chi Minh City),1619,Vietnam,97
Wake Forest University,1632,United States,94
Western Michigan University,1642,United States,94
West University of Timişoara,1641,Romania,73
Wenzhou Medical University,1640,China,13
Wayne State University,1639,United States,94
Washington University in St Louis,1638,United States,94
Washington State University,1637,United States,94
Waseda University,1636,Japan,43
Warsaw University of Technology,1635,Poland,69
Warsaw University of Life Sciences – SGGW,1634,Poland,69
Walailak University,1633,Thailand,87
Wageningen University & Research,1631,Netherlands,60
"Vietnam National University, Hanoi",1620,Vietnam,97
Vytautas Magnus University,1630,Lithuania,49
Vrije Universiteit Brussel,1629,Belgium,6
Vrije Universiteit Amsterdam,1628,Netherlands,60
Vita-Salute San Raffaele University,1627,Italy,41
"Visvesvaraya National Institute of Technology, Nagpur",1626,India,35
Virginia Polytechnic Institute and State University,1625,Unknown Location,95
Virginia Commonwealth University,1624,United States,94
Vilnius University,1623,Lithuania,49
Vilnius Gediminas Technical University (Vilnius Tech),1622,Lithuania,49
"Vignan’s Foundation for Science, Technology and Research",1621,India,35
University of Southern Queensland,1487,Australia,2
University of Southern California,1485,United States,94
University of Hamburg,1275,Germany,29
University of Leoben,1327,Austria,3
University of Mannheim,1351,Germany,29
University of Manitoba,1350,Canada,11
University of Manchester,1349,Unknown Location,95
University of Management and Technology,1348,Pakistan,66
University of Malta,1347,Malta,52
University of Malaya,1346,Malaysia,51
University of Malakand,1345,Pakistan,66
University of Malaga,1344,Spain,81
University of Macerata (UNIMC),1343,Italy,41
University of Macau,1342,Unknown Location,95
University of L’Aquila,1341,Italy,41
University of Luxembourg,1340,Luxembourg,50
University of Lucknow,1339,India,35
University of Lorraine,1338,France,27
University of Lleida,1337,Spain,81
University of Ljubljana,1336,Slovenia,78
University of Liège,1335,Belgium,6
University of Liverpool,1334,Unknown Location,95
University of Lisbon,1333,Portugal,70
University of Lincoln,1332,United Kingdom,93
University of Limerick,1331,Unknown Location,95
University of Lille,1330,France,27
University of León,1329,Spain,81
University of Manouba,1352,Tunisia,88
University of Maragheh,1353,Iran,37
University of Marburg,1354,Germany,29
University of Milan,1367,Italy,41
University of Mons,1377,Belgium,6
University of Monastir,1376,Tunisia,88
University of Mohaghegh Ardabili,1375,Iran,37
University of Modena and Reggio Emilia,1374,Italy,41
University of Miyazaki,1373,Japan,43
University of Missouri-St Louis,1372,United States,94
University of Miskolc,1371,Hungary,33
University of Minnesota,1370,United States,94
University of Minho,1369,Portugal,70
University of Milan-Bicocca,1368,Italy,41
University of Michigan-Ann Arbor,1366,United States,94
University of Maribor,1355,Slovenia,78
University of Miami,1365,United States,94
University of Messina,1364,Italy,41
University of Memphis,1363,United States,94
University of Melbourne,1362,Australia,2
University of Mazandaran,1361,Iran,37
University of Mauritius,1360,Mauritius,53
University of Massachusetts,1359,United States,94
"University of Maryland, College Park",1358,United States,94
"University of Maryland, Baltimore County",1357,United States,94
University of Marrakech Cadi Ayyad,1356,Morocco,56
University of Lethbridge,1328,Canada,11
University of Leicester,1326,United Kingdom,93
University of Montreal,1379,Unknown Location,95
University of Leeds,1325,United Kingdom,93
University of Isfahan,1298,Iran,37
University of Iowa,1297,United States,94
University of Ioannina,1296,Greece,31
University of International Business and Economics,1295,China,13
University of Insubria,1294,Italy,41
University of Innsbruck,1293,Austria,3
University of Indonesia,1292,Unknown Location,95
University of Ilorin,1291,Nigeria,62
University of Illinois at Urbana-Champaign,1290,United States,94
University of Illinois Chicago,1289,United States,94
University of Iceland,1288,Iceland,34
University of Ibadan,1287,Nigeria,62
University of Hyogo,1286,Japan,43
University of Hull,1285,United Kingdom,93
University of Huddersfield,1284,United Kingdom,93
University of Hradec Králové,1283,Czech Republic,19
University of Houston,1282,United States,94
University of Hong Kong,1281,Unknown Location,95
University of Hohenheim,1280,Germany,29
University of Hertfordshire,1279,United Kingdom,93
University of Helsinki,1278,Finland,26
University of Hawai’i at Mānoa,1277,United States,94
University of Havana,1276,Cuba,17
University of Jaén,1299,Spain,81
University of Jeddah,1300,Saudi Arabia,74
University of Johannesburg,1301,Unknown Location,95
University of Kurdistan,1314,Iran,37
University of Lausanne,1324,Switzerland,84
University of Latvia,1323,Latvia,47
University of Las Palmas de Gran Canaria,1322,Spain,81
University of Lahore,1321,Pakistan,66
University of Lagos,1320,Nigeria,62
University of La Serena,1319,Chile,12
University of La Sabana,1318,Colombia,14
University of La Laguna,1317,Spain,81
University of La Frontera,1316,Chile,12
University of KwaZulu-Natal,1315,Unknown Location,95
University of Kufa,1313,Iraq,38
University of Jyväskylä,1302,Finland,26
University of Kragujevac,1312,Serbia,75
University of Konstanz,1311,Germany,29
University of Klagenfurt,1310,Austria,3
University of Kiel,1309,Germany,29
University of Kentucky,1308,United States,94
University of Kent,1307,United Kingdom,93
University of Kashan,1306,Iran,37
University of Karachi,1305,Pakistan,66
University of Kansas,1304,United States,94
University of Kaiserslautern,1303,Germany,29
University of Montenegro,1378,Montenegro,55
University of Mosul,1380,Iraq,38
University of Southampton,1484,United Kingdom,93
University of Plymouth,1433,United Kingdom,93
University of Sargodha,1457,Pakistan,66
"University of Santiago, Chile (USACH)",1456,Chile,12
University of Santiago de Compostela,1455,Spain,81
University of Sannio,1454,Italy,41
University of Salford,1453,United Kingdom,93
University of Salerno,1452,Italy,41
University of Salento,1451,Italy,41
University of Salamanca,1450,Spain,81
University of Rome III,1449,Italy,41
University of Rome II – Tor Vergata,1448,Italy,41
University of Roehampton,1447,United Kingdom,93
University of Rochester,1446,United States,94
University of Rijeka,1445,Croatia,16
University of Rhode Island,1444,United States,94
University of Rennes 1,1443,France,27
University of Regina,1442,Canada,11
University of Reading,1441,United Kingdom,93
University of Pécs,1440,Hungary,33
University of Puerto Rico,1439,Puerto Rico,71
University of Primorska,1438,Slovenia,78
University of Pretoria,1437,South Africa,79
University of Potsdam,1436,Germany,29
University of Portsmouth,1435,United Kingdom,93
University of Saskatchewan,1458,Canada,11
University of Sassari,1459,Italy,41
University of Science and Technology Beijing,1460,China,13
University of Sistan and Baluchestan,1473,Iran,37
University of South Wales,1483,United Kingdom,93
University of South Florida,1482,United States,94
University of South Dakota,1481,United States,94
University of South Carolina-Columbia,1480,United States,94
University of South Bohemia in České Budějovice,1479,Czech Republic,19
University of South Australia,1478,Unknown Location,95
University of South Africa,1477,South Africa,79
University of Sousse,1476,Tunisia,88
University of Sonora,1475,Mexico,54
University of Social Welfare and Rehabilitation Sciences,1474,Iran,37
University of Silesia in Katowice,1472,Poland,69
University of Science and Technology of China,1461,Unknown Location,95
University of Siena,1471,Italy,41
University of Siegen,1470,Germany,29
University of Shizuoka,1469,Japan,43
University of Sheffield,1468,Unknown Location,95
University of Sharjah,1467,United Arab Emirates,92
University of Shanghai for Science and Technology,1466,China,13
University of Sfax,1465,Tunisia,88
University of Seville,1464,Spain,81
University of Seoul,1463,South Korea,80
University of Science and Technology of Oran Mohamed-Boudiaf,1462,Algeria,0
University of Porto,1434,Portugal,70
University of Pittsburgh-Pittsburgh campus,1432,United States,94
University of Mumbai,1381,India,35
University of Pisa,1431,Italy,41
University of Notre Dame,1404,United States,94
University of Northern British Columbia (UNBC),1403,Canada,11
University of North Carolina at Greensboro,1402,United States,94
University of North Carolina at Charlotte,1401,United States,94
University of North Carolina at Chapel Hill,1400,United States,94
University of North Carolina Wilmington,1399,United States,94
University of Nigeria Nsukka,1398,Nigeria,62
University of Nicosia,1397,Unknown Location,95
University of Newcastle,1396,Australia,2
University of New Mexico (Main campus),1395,United States,94
University of New Brunswick UNB,1394,Canada,11
"University of Nevada, Las Vegas",1393,United States,94
University of Neuchâtel,1392,Switzerland,84
University of Nebraska-Lincoln,1391,United States,94
University of Nebraska Medical Center,1390,United States,94
University of Navarra,1389,Spain,81
University of Naples Federico II,1388,Italy,41
University of Namur,1387,Belgium,6
University of Namibia,1386,Namibia,58
University of Nairobi,1385,Kenya,46
University of Münster,1384,Germany,29
University of Mysore,1383,India,35
University of Murcia,1382,Spain,81
University of Nottingham,1405,United Kingdom,93
University of Novi Sad,1406,Serbia,75
"University of Occupational and Environmental Health, Japan",1407,Japan,43
University of Parma,1420,Italy,41
University of Peshawar,1430,Pakistan,66
University of Perugia,1429,Italy,41
University of Pernambuco,1428,Brazil,8
University of Peradeniya,1427,Sri Lanka,82
University of Pennsylvania,1426,United States,94
University of Pavia,1425,Italy,41
University of Pau and Pays de l’Adour,1424,France,27
University of Patras,1423,Greece,31
University of Passo Fundo (UPF),1422,Brazil,8
University of Passau,1421,Germany,29
University of Pardubice,1419,Czech Republic,19
University of Oradea,1408,Romania,73
University of Pannonia,1418,Hungary,33
University of Palermo,1417,Italy,41
University of Padua,1416,Italy,41
University of Oxford,1415,United Kingdom,93
University of Oviedo,1414,Spain,81
University of Oulu,1413,Unknown Location,95
University of Ottawa,1412,Unknown Location,95
University of Otago,1411,New Zealand,61
University of Ostrava,1410,Czech Republic,19
University of Oslo,1409,Norway,64
Scuola Normale Superiore di Pisa,850,Italy,41
Savitribai Phule Pune University,848,India,35
Aalborg University,1,Denmark,20
Florida International University,291,United States,94
Florida Atlantic University,289,United States,94
Florida Agricultural and Mechanical University,288,United States,94
Flinders University,287,Australia,2
Firat University,286,Turkey,89
Ferhat Abbas Sétif University 1,285,Algeria,0
Ferdowsi University of Mashhad,284,Iran,37
Feng Chia University,283,Taiwan,85
Federico Santa María Technical University,282,Chile,12
Federation University Australia,281,Unknown Location,95
Federal University of the State of Rio de Janeiro (UNIRIO),280,Brazil,8
Federal University of Viçosa,279,Brazil,8
Federal University of Vales do Jequitinhonha e Mucuri,278,Brazil,8
Federal University of Uberlândia,277,Brazil,8
Federal University of Toulouse Midi-Pyrénées,276,France,27
Federal University of Technology Akure,275,Nigeria,62
Federal University of São Carlos,274,Brazil,8
Federal University of Santa Maria,273,Brazil,8
Federal University of Rio de Janeiro,272,Brazil,8
Federal University of Rio Grande do Norte (UFRN),271,Brazil,8
Federal University of Piauí,270,Brazil,8
Federal University of Pernambuco,269,Brazil,8
Federal University of Pelotas,268,Brazil,8
Federal University of Pará,267,Brazil,8
Florida Institute of Technology,290,United States,94
Florida State University,292,United States,94
Saveetha Institute of Medical and Technical Sciences,847,Unknown Location,95
Fluminense Federal University,293,Brazil,8
Georgia State University,316,United States,94
Georgia Southern University,315,United States,94
Georgia Institute of Technology,314,United States,94
Georgetown University,313,United States,94
George Washington University,312,United States,94
George Mason University,311,United States,94
"George Emil Palade University of Medicine, Pharmacy, Science, and Technology of Targu Mures",310,Romania,73
Gebze Technical University,309,Turkey,89
Gdańsk University of Technology,308,Poland,69
Gaziantep University,307,Turkey,89
Gazi University,306,Turkey,89
Gabriele d‘Annunzio University,305,Italy,41
GITAM University,304,India,35
Fuzhou University,303,China,13
Fukuoka University,302,Japan,43
Fujita Health University,301,Japan,43
Fujian Normal University,300,China,13
Fujian Agriculture and Forestry University,299,China,13
Fudan University,298,China,13
Fu Jen Catholic University,297,Taiwan,85
Friedrich Schiller University Jena,296,Germany,29
Free University of Bozen-Bolzano,295,Italy,41
Free University of Berlin,294,Germany,29
Federal University of Paraí­ba (UFPB),266,Brazil,8
Federal University of Minas Gerais,265,Brazil,8
Federal University of Mato Grosso do Sul,264,Brazil,8
Federal University of Lavras,263,Brazil,8
ETH Zurich,236,Switzerland,84
ENSTA Bretagne,235,France,27
EAFIT University,234,Colombia,14
Duzce University,233,Turkey,89
Duy Tan University,232,Vietnam,97
Durham University,231,United Kingdom,93
Durban University of Technology,230,South Africa,79
Dunarea de Jos University of Galati,229,Romania,73
Dumlupinar University,228,Turkey,89
Duke University,227,United States,94
Dublin City University,226,Ireland,39
Drexel University,225,United States,94
Dr B.R. Ambedkar National Institute of Technology Jalandhar,224,India,35
Dow University of Health Sciences,223,Pakistan,66
Doshisha University,222,Japan,43
Donghua University,221,China,13
Dokuz Eylül University,220,Turkey,89
Dokkyo Medical University,219,Japan,43
Diponegoro University,218,Indonesia,36
Diego Portales University,217,Chile,12
Dicle University,216,Turkey,89
Democritus University of Thrace,215,Greece,31
Delhi Technological University,214,India,35
East China Normal University,237,China,13
East China University of Science and Technology,238,China,13
Eastern Mediterranean University,239,Northern Cyprus,63
Escuela Superior Politécnica del Litoral,252,Ecuador,21
Federal University of Itajubá,262,Brazil,8
Federal University of Goiás,261,Brazil,8
Federal University of Espírito Santo,260,Brazil,8
"Federal University of Agriculture, Abeokuta",259,Nigeria,62
Federal Rural University of Pernambuco,258,Brazil,8
Fayoum University,257,Egypt,22
Eötvös Loránd University,256,Unknown Location,95
Ewha Womans University,255,South Korea,80
European University of Madrid,254,Spain,81
Eskişehir Osmangazi University,253,Turkey,89
Escuela Politécnica Nacional,251,Ecuador,21
Edge Hill University,240,United Kingdom,93
Erzincan Binali Yıldırım University,250,Turkey,89
Erciyes University,249,Turkey,89
Erasmus University Rotterdam,248,Unknown Location,95
Emory University,247,United States,94
El Bosque University,246,Colombia,14
Eindhoven University of Technology,245,Netherlands,60
Ehime University,244,Japan,43
Ege University,243,Turkey,89
Edith Cowan University,242,Unknown Location,95
Edinburgh Napier University,241,United Kingdom,93
German University in Cairo,317,Egypt,22
Ghent University,318,Belgium,6
Gheorghe Asachi Technical University of Iaşi,319,Romania,73
Hyogo College of Medicine,372,Japan,43
Indian Institute of Technology Guwahati,396,India,35
Indian Institute of Technology Gandhinagar,395,India,35
Indian Institute of Technology Bhubaneswar,394,India,35
Indian Institute of Technology (Indian School of Mines) Dhanbad,393,India,35
"Indian Institute of Science Education and Research, Pune",392,India,35
Indian Institute of Science Education and Research Kolkata,391,India,35
Indian Institute of Science Education and Research Bhopal,390,India,35
Indian Institute of Science,389,India,35
Incheon National University,388,South Korea,80
Imperial College London,387,United Kingdom,93
Imam Mohammad Ibn Saud Islamic University,386,Saudi Arabia,74
Imam Abdulrahman Bin Faisal University,385,Saudi Arabia,74
Ilmenau University of Technology,384,Germany,29
Illinois Institute of Technology,383,United States,94
Ilia State University,382,Georgia,28
Ilam University of Medical Sciences,381,Iran,37
Icesi University,380,Colombia,14
Ibn Tofaïl University,379,Morocco,56
Ibaraki University,378,Japan,43
ISCTE-University Institute of Lisbon,377,Portugal,70
IPB University,376,Indonesia,36
IMT Nord Europe,375,France,27
IMT Atlantique,374,France,27
Indian Institute of Technology Indore,397,India,35
Indian Institute of Technology Mandi,398,India,35
Indian Institute of Technology Patna,399,India,35
"International Islamic University, Islamabad",412,Pakistan,66
Istanbul Medipol University,422,Unknown Location,95
Istanbul Medeniyet University,421,Turkey,89
Islamic University of Indonesia,420,Indonesia,36
"Islamic Azad University, Najafabad Branch (IAUN)",419,Iran,37
Isfahan University of Technology,418,Iran,37
Isfahan University of Medical Sciences,417,Iran,37
Iran University of Science and Technology,416,Iran,37
Iran University of Medical Sciences,415,Iran,37
Iowa State University,414,United States,94
Inönü University,413,Turkey,89
"International Institute of Information Technology, Hyderabad",411,India,35
Indian Institute of Technology Ropar,400,India,35
International Hellenic University,410,Greece,31
Instituto Politécnico de Bragança,409,Portugal,70
Instituto Politécnico Nacional (IPN),408,Mexico,54
Institute of Chemical Technology,407,India,35
Institut Teknologi Sepuluh Nopember,406,Indonesia,36
Institut Polytechnique de Paris,405,France,27
Institut Agro,404,France,27
Inha University,403,South Korea,80
Indraprastha Institute of Information Technology Delhi,402,India,35
Indiana University,401,United States,94
I-Shou University,373,Taiwan,85
Hungarian University of Agriculture and Life Sciences,371,Hungary,33
Gifu University,320,Japan,43
Hunan University,370,China,13
Hamamatsu University School of Medicine,343,Japan,43
Hallym University,342,South Korea,80
Hakim Sabzevari University,341,Iran,37
Hacettepe University,340,Turkey,89
Gyeongsang National University,339,Unknown Location,95
Gwangju Institute of Science and Technology (GIST),338,South Korea,80
Guru Jambheshwar University of Science and Technology,337,India,35
Gunma University,336,Japan,43
Guangzhou University,335,China,13
Guangzhou Medical University,334,China,13
Guangxi University,333,China,13
Guangdong University of Technology,332,China,13
Grigore T. Popa University of Medicine and Pharmacy,331,Romania,73
Griffith University,330,Unknown Location,95
Graz University of Technology,329,Austria,3
Graphic Era University,328,Unknown Location,95
Grand Valley State University,327,United States,94
Government College University Lahore,326,Pakistan,66
Government College University Faisalabad,325,Pakistan,66
Golestan University of Medical Sciences,324,Iran,37
"Goldsmiths, University of London",323,United Kingdom,93
Goethe University Frankfurt,322,Germany,29
Glasgow Caledonian University,321,United Kingdom,93
Hamburg University of Technology,344,Germany,29
Hanoi University of Science and Technology,345,Vietnam,97
Hanyang University,346,Unknown Location,95
Hiroshima University,359,Japan,43
Humboldt University of Berlin,369,Germany,29
Humanitas University,368,Unknown Location,95
Hue University,367,Vietnam,97
Huazhong University of Science and Technology,366,China,13
Huaqiao University,365,China,13
Howard University,364,United States,94
Hosei University,363,Japan,43
Hong Kong Polytechnic University,362,Unknown Location,95
Hong Kong Baptist University,361,Hong Kong,32
Hokkaido University,360,Japan,43
Heriot-Watt University,358,United Kingdom,93
Harbin Engineering University,347,China,13
Helwan University,357,Egypt,22
Hellenic Open University,356,Greece,31
Heinrich Heine University Düsseldorf,355,Germany,29
Hebrew University of Jerusalem,354,Israel,40
Hazara University Mansehra,353,Pakistan,66
Hasselt University,352,Belgium,6
Hasanuddin University,351,Indonesia,36
Harvard University,350,United States,94
Harokopio University of Athens,349,Greece,31
Harbin Institute of Technology,348,China,13
Delft University of Technology,213,Netherlands,60
Del Rosario University,212,Colombia,14
Deakin University,211,Australia,2
Assiut University,53,Egypt,22
Bahçeşehir University,77,Turkey,89
Bahria University,76,Pakistan,66
Bahauddin Zakariya University,75,Pakistan,66
Badji Mokhtar University – Annaba,74,Algeria,0
Babol University of Medical Sciences,73,Iran,37
Babol Noshirvani University of Technology,72,Iran,37
Babeş-Bolyai University,71,Romania,73
BINUS University,70,Indonesia,36
Azarbaijan Shahid Madani University,69,Iran,37
Autonomous University of Sinaloa,68,Mexico,54
Autonomous University of Madrid,67,Spain,81
Autonomous University of Barcelona,66,Spain,81
Autonomous University of Baja California,65,Mexico,54
Australian National University,64,Australia,2
Australian Catholic University,63,Australia,2
Austral University of Chile,62,Chile,12
Auckland University of Technology,61,Unknown Location,95
Auburn University,60,United States,94
Atılım University,59,Unknown Location,95
Athens University of Economics and Business,58,Greece,31
Ateneo de Manila University,57,Philippines,68
Atatürk University,56,Turkey,89
Aswan University,55,Egypt,22
Baku State University,78,Azerbaijan,4
Banaras Hindu University,79,India,35
Banasthali University,80,India,35
Beirut Arab University,93,Lebanon,48
"Birkbeck, University of London",103,United Kingdom,93
Bilkent University,102,Turkey,89
Bielefeld University,101,Germany,29
Bialystok University of Technology,100,Poland,69
Bharathiar University,99,India,35
Bezmiâlem Vakif University,98,Turkey,89
Beni-Suef University,97,Egypt,22
Benha University,96,Egypt,22
Benemérita Universidad Autónoma de Puebla,95,Mexico,54
Ben-Gurion University of the Negev,94,Israel,40
Beijing Normal University,92,China,13
Bandung Institute of Technology (ITB),81,Indonesia,36
Beijing Jiaotong University,91,China,13
Beijing Institute of Technology,90,China,13
Beihang University,89,China,13
Başkent University,88,Turkey,89
Baylor University,87,United States,94
Bayero University,86,Nigeria,62
Bar-Ilan University,85,Israel,40
Bangor University,84,United Kingdom,93
Bangladesh University of Engineering and Technology,83,Bangladesh,5
Bangladesh Agricultural University (BAU),82,Bangladesh,5
Aston University,54,United Kingdom,93
"Asia University, Taiwan",52,Taiwan,85
Birmingham City University,105,United Kingdom,93
Arts et Métiers,51,France,27
Alagappa University,24,India,35
Al-Farabi Kazakh National University,23,Kazakhstan,45
Al-Balqa Applied University,22,Jordan,44
Al-Azhar University,21,Egypt,22
Aksaray University,20,Turkey,89
Akita University,19,Japan,43
Akdeniz University,18,Turkey,89
Ajou University,17,South Korea,80
Aix-Marseille University,16,France,27
Ain Shams University,15,Egypt,22
Aichi Medical University,14,Japan,43
Ahvaz Jundishapur University of Medical Sciences (AJUMS),13,Iran,37
Adolfo Ibáñez University,12,Chile,12
Addis Ababa University,11,Ethiopia,24
"Adam Mickiewicz University, Poznań",10,Poland,69
Acıbadem University,9,Unknown Location,95
Acharya Nagarjuna University,8,India,35
Abu Dhabi University,7,United Arab Emirates,92
Aberystwyth University,6,United Kingdom,93
Abdul Wali Khan University Mardan,5,Pakistan,66
Abdelmalek Essaâdi University,4,Morocco,56
Aarhus University,3,Denmark,20
Aalto University,2,Finland,26
Alexandria University,25,Egypt,22
Alexandru Ioan Cuza University,26,Romania,73
Alfaisal University,27,Unknown Location,95
Anglia Ruskin University (ARU),40,United Kingdom,93
Arizona State University (Tempe),50,Unknown Location,95
Aristotle University of Thessaloniki,49,Greece,31
Ariel University,48,Israel,40
Arak University of Medical Sciences,47,Iran,37
Arak University,46,Iran,37
"Arab Academy for Science, Technology and Maritime Transport",45,Egypt,22
Aoyama Gakuin University,44,Japan,43
Annamalai University,43,India,35
Anna University,42,India,35
Ankara University,41,Turkey,89
Andhra University,39,India,35
Aligarh Muslim University,28,India,35
Anadolu University,38,Turkey,89
An-Najah National University,37,Unknown Location,95
Amity University,36,India,35
Amirkabir University of Technology,35,Iran,37
American University of Sharjah,34,United Arab Emirates,92
American University of Beirut,33,Lebanon,48
American University in Cairo,32,Egypt,22
American University,31,United States,94
Amedeo Avogadro University of Eastern Piedmont,30,Italy,41
Alzahra University,29,Iran,37
"Birla Institute of Technology and Science, Pilani",104,India,35
Blida 1 University,106,Algeria,0
De Montfort University,210,United Kingdom,93
Chiba University,159,Japan,43
Colorado School of Mines,183,United States,94
Cochin University of Science and Technology,182,India,35
Clemson University,181,United States,94
Claude Bernard University Lyon 1,180,France,27
Clarkson University,179,United States,94
Clark University,178,United States,94
"City, University of London",177,United Kingdom,93
City University of Hong Kong,176,Unknown Location,95
Chuo University,175,Japan,43
Chungnam National University,174,South Korea,80
Chungbuk National University,173,Unknown Location,95
Chung-Ang University,172,South Korea,80
Chung Yuan Christian University,171,Taiwan,85
Chulalongkorn University,170,Unknown Location,95
Chubu University,169,Japan,43
Chosun University,168,South Korea,80
Chonnam National University,167,Unknown Location,95
Chongqing University,166,Unknown Location,95
Chinese University of Hong Kong,165,Unknown Location,95
Chinese Culture University,164,Taiwan,85
"China University of Petroleum, Beijing",163,China,13
"China University of Geosciences, Beijing",162,China,13
China Pharmaceutical University,161,China,13
"Colorado State University, Fort Collins",184,United States,94
Columbia University,185,United States,94
Comenius University in Bratislava,186,Slovakia,77
Cukurova University,199,Turkey,89
De La Salle University,209,Unknown Location,95
Dartmouth College,208,United States,94
Damietta University,207,Egypt,22
Damghan University,206,Iran,37
Dalian University of Technology,205,China,13
Dalhousie University,204,Unknown Location,95
Czech University of Life Sciences Prague (CZU),203,Czech Republic,19
Czech Technical University in Prague,202,Czech Republic,19
Cyprus University of Technology,201,Cyprus,18
Curtin University,200,Unknown Location,95
Creighton University,198,United States,94
Comillas Pontifical University,187,Spain,81
Cracow University of Technology,197,Poland,69
Coventry University,196,Unknown Location,95
Covenant University,195,Unknown Location,95
Corvinus University of Budapest,194,Hungary,33
Cornell University,193,United States,94
Copenhagen Business School,192,Denmark,20
Constructor University Bremen,191,Unknown Location,95
Concordia University,190,Canada,11
Complutense University of Madrid,189,Spain,81
Communication University of China,188,China,13
"China Medical University, Taiwan",160,Taiwan,85
Chiba Institute of Technology,158,Japan,43
Bolu Abant Izzet Baysal University,107,Turkey,89
Chiang Mai University,157,Thailand,87
Canterbury Christ Church University,130,United Kingdom,93
Cankaya University,129,Turkey,89
California Institute of Technology,128,United States,94
Cairo University,127,Egypt,22
CY Cergy Paris University,126,France,27
COMSATS University Islamabad,125,Pakistan,66
Bursa Uludağ University,124,Turkey,89
Burapha University,123,Unknown Location,95
Budapest University of Technology and Economics,122,Hungary,33
Bucharest University of Economic Studies,121,Romania,73
Bu-Ali Sina University,120,Iran,37
Brunel University London,119,United Kingdom,93
Brown University,118,United States,94
Brno University of Technology,117,Czech Republic,19
Brighton and Sussex Medical School,116,United Kingdom,93
Brandeis University,115,United States,94
Boğaziçi University,114,Turkey,89
Bozok University,113,Turkey,89
Bowling Green State University,112,United States,94
Bournemouth University,111,United Kingdom,93
Boston University,110,United States,94
Boston College,109,United States,94
Bond University,108,Australia,2
Capital Medical University,131,China,13
Cardiff Metropolitan University,132,United Kingdom,93
Cardiff University,133,Unknown Location,95
Chalmers University of Technology,146,Sweden,83
Chengdu University,156,Unknown Location,95
Charles University,155,Czech Republic,19
Charles Sturt University,154,Australia,2
Charles Darwin University,153,Australia,2
Charité - Universitätsmedizin Berlin,152,Germany,29
Chapman University,151,United States,94
Chaoyang University of Technology,150,Taiwan,85
Changsha University of Science and Technology,149,China,13
Chang Gung University of Science and Technology,148,Taiwan,85
Chang Gung University,147,Unknown Location,95
Centrale Nantes,145,France,27
Carleton University,134,Canada,11
Central South University,144,China,13
Central Queensland University,143,Unknown Location,95
Ceará State University,142,Brazil,8
Ca’ Foscari University of Venice,141,Italy,41
Catholic University of the North,140,Chile,12
Catholic University of Portugal,139,Portugal,70
Catholic University of Brasília,138,Brazil,8
Case Western Reserve University,137,United States,94
Carnegie Mellon University,136,United States,94
Carlos III University of Madrid,135,Unknown Location,95
Istanbul Technical University,423,Turkey,89
Istanbul University,424,Turkey,89
Istanbul University-Cerrahpaşa,425,Turkey,89
National and Kapodistrian University of Athens,690,Greece,31
Norwegian University of Science and Technology,714,Norway,64
Norwegian University of Life Sciences,713,Norway,64
Northwestern University,712,United States,94
Northwestern Polytechnical University,711,China,13
Northwest University,710,China,13
Northumbria University,709,United Kingdom,93
Northern Illinois University,708,United States,94
"Northeastern University, US",707,United States,94
"Northeastern University, China",706,China,13
Northeast Normal University,705,China,13
North-West University,704,South Africa,79
North South University,703,Bangladesh,5
North China Electric Power University,702,China,13
North Carolina State University,701,United States,94
Nnamdi Azikiwe University,700,Nigeria,62
Nippon Medical School,699,Japan,43
Niigata University,698,Japan,43
Nicolaus Copernicus University in Toruń,697,Poland,69
Newcastle University,696,Unknown Location,95
New York University,695,United States,94
New Mexico State University (Main campus),694,United States,94
New Jersey Institute of Technology,693,United States,94
Necmettin Erbakan University,692,Turkey,89
Nottingham Trent University,715,United Kingdom,93
Nova Southeastern University,716,United States,94
Nueva Granada Military University,717,Colombia,14
Open University of Catalonia,730,Spain,81
Oxford Brookes University,740,United Kingdom,93
Ovidius University of Constanța,739,Romania,73
Osmania University,738,India,35
Osaka University,737,Japan,43
Osaka Metropolitan University,736,Japan,43
Osaka Medical and Pharmaceutical University,735,Japan,43
Osaka Institute of Technology,734,Japan,43
Oregon Health and Science University,733,United States,94
Oran 1 University,732,Algeria,0
Opole University of Technology,731,Poland,69
Ontario Tech University,729,Canada,11
Oakland University,718,United States,94
Ondokuz Mayis University,728,Turkey,89
Oles Honchar Dnipro National University,727,Ukraine,91
Old Dominion University,726,United States,94
Oklahoma State University,725,United States,94
Okayama University,724,Japan,43
Oita University,723,Japan,43
Ohio University (Main campus),722,United States,94
Ohio State University (Main campus),721,United States,94
Ochanomizu University,720,Japan,43
Obafemi Awolowo University,719,Nigeria,62
Near East University,691,Northern Cyprus,63
National Yunlin University of Science and Technology,689,Taiwan,85
PMAS Arid Agriculture University Rawalpindi,742,Pakistan,66
National Yang Ming Chiao Tung University,688,Taiwan,85
National Formosa University,661,Taiwan,85
National Dong Hwa University,660,Unknown Location,95
National Chung Hsing University,659,Taiwan,85
National Chung Cheng University,658,Unknown Location,95
National Chin-Yi University of Technology,657,Taiwan,85
National Chiayi University,656,Taiwan,85
National Chi Nan University,655,Taiwan,85
National Chengchi University,654,Taiwan,85
National Cheng Kung University (NCKU),653,Unknown Location,95
National Changhua University of Education,652,Taiwan,85
National Central University,651,Taiwan,85
National Autonomous University of Mexico,650,Mexico,54
Naresuan University,649,Thailand,87
"Nanyang Technological University, Singapore",648,Singapore,76
Nantes Université,647,France,27
Nankai University,646,China,13
Nanjing University of Information Science and Technology,645,China,13
Nanjing University of Aeronautics and Astronautics,644,China,13
Nanjing University,643,China,13
Nanjing Tech University,642,China,13
Nanjing Normal University,641,China,13
Nanjing Medical University,640,China,13
Nanjing Forestry University,639,China,13
National Ilan University,662,Taiwan,85
National Institute of Applied Sciences of Lyon (INSA Lyon),663,France,27
National Institute of Technology Hamirpur,664,India,35
National Technical University of Athens,677,Greece,31
National University of Singapore,687,Unknown Location,95
National University of Sciences and Technology,686,Pakistan,66
National University of San Martín,685,Argentina,1
National University of Kaohsiung,684,Taiwan,85
National University of Distance Education (UNED),683,Spain,81
National University of Córdoba,682,Argentina,1
National University of Colombia,681,Colombia,14
National United University,680,Taiwan,85
National Tsing Hua University,679,Taiwan,85
National Technical University of Ukraine – Igor Sikorsky Kyiv Polytechnic Institute,678,Ukraine,91
National Technical University Kharkiv Polytechnic Institute,676,Ukraine,91
National Institute of Technology Rourkela,665,India,35
National Taiwan University of Science and Technology (Taiwan Tech),675,Taiwan,85
National Taiwan University (NTU),674,Unknown Location,95
National Taiwan Ocean University,673,Taiwan,85
National Taiwan Normal University,672,Unknown Location,95
National Taipei University of Technology,671,Taiwan,85
National Taipei University,670,Taiwan,85
National Sun Yat-Sen University,669,Taiwan,85
National Kaohsiung University of Science and Technology,668,Taiwan,85
"National Institute of Technology, Tiruchirappalli",667,India,35
National Institute of Technology Silchar,666,India,35
Ozyegin University,741,Turkey,89
PSG College of Technology,743,India,35
Nagoya University,637,Japan,43
Queen’s University,796,Unknown Location,95
Royal Veterinary College,820,United Kingdom,93
"Royal Holloway, University of London",819,United Kingdom,93
Rowan University,818,United States,94
Rovira i Virgili University,817,Spain,81
Roskilde University,816,Denmark,20
Rochester Institute of Technology,815,United States,94
Robert Gordon University,814,United Kingdom,93
Ritsumeikan University,813,Japan,43
Riphah International University,812,Pakistan,66
Rikkyo University,811,Japan,43
Riga Technical University,810,Latvia,47
Riga Stradiņš University,809,Latvia,47
Rice University,808,United States,94
Rhodes University,807,South Africa,79
Reykjavík University,806,Iceland,34
Rensselaer Polytechnic Institute,805,United States,94
Reichman University,804,Israel,40
Recep Tayyip Erdoğan University,803,Turkey,89
Radboud University Nijmegen,802,Unknown Location,95
RWTH Aachen University,801,Germany,29
RMIT University,800,Australia,2
RCSI University of Medicine and Health Sciences,799,Unknown Location,95
R V College of Engineering,798,India,35
Ruhr University Bochum,821,Germany,29
Rush University,822,United States,94
Rutgers University – New Brunswick,823,United States,94
Saint Louis University,836,United States,94
Sathyabama Institute of Science and Technology,846,Unknown Location,95
Satbayev University,845,Kazakhstan,45
Sapporo Medical University,844,Japan,43
Sapienza University of Rome,843,Italy,41
Sant’Anna School of Advanced Studies – Pisa,842,Unknown Location,95
San Sebastián University,841,Chile,12
San Diego State University,840,United States,94
Sakarya University,839,Turkey,89
Saitama University,838,Japan,43
Saitama Medical University,837,Japan,43
Sahand University of Technology,835,Iran,37
Ryukoku University,824,Japan,43
Saga University,834,Japan,43
Sabancı University,833,Unknown Location,95
SWPS University of Social Sciences and Humanities,832,Poland,69
SUNY University at Albany,831,United States,94
SRUC (Scotland’s Rural College),830,United Kingdom,93
SRM Institute of Science and Technology,829,India,35
SOAS University of London,828,United Kingdom,93
SGH Warsaw School of Economics,827,Poland,69
SASTRA University,826,India,35
Rzeszów University of Technology,825,Poland,69
Queen’s University Belfast,797,Unknown Location,95
Queensland University of Technology,795,Unknown Location,95
Pablo de Olavide University,744,Spain,81
Queen Mary University of London,794,United Kingdom,93
Pontifical Catholic University of Minas Gerais,767,Brazil,8
Pondicherry University,766,India,35
Pompeu Fabra University,765,Spain,81
Polytechnic University of Valencia,764,Spain,81
Polytechnic University of Turin,763,Italy,41
Polytechnic University of Timişoara,762,Romania,73
Polytechnic University of Bucharest,761,Romania,73
Polytechnic University of Bari,760,Italy,41
Polytechnic Institute of Porto,759,Portugal,70
Politecnico di Milano,758,Unknown Location,95
Pohang University of Science and Technology (POSTECH),757,Unknown Location,95
Persian Gulf University,756,Iran,37
Penn State (Main campus),755,United States,94
Peking University,754,Unknown Location,95
Pedagogical and Technological University of Colombia,753,Colombia,14
Payame Noor University,752,Iran,37
Pavol Jozef Šafárik University in Košice,751,Slovakia,77
Parthenope University of Naples,750,Italy,41
Paris Sciences et Lettres – PSL Research University Paris,749,France,27
Paris Nanterre University,748,France,27
Panthéon-Sorbonne University – Paris 1,747,France,27
Panjab University,746,India,35
Palacký University Olomouc,745,Czech Republic,19
Pontifical Catholic University of Peru,768,Peru,67
Pontifical Catholic University of Rio Grande do Sul (PUCRS),769,Brazil,8
Pontifical Catholic University of Rio de Janeiro (PUC-Rio),770,Brazil,8
Princess Nourah bint Abdulrahman University,783,Saudi Arabia,74
Quaid-i-Azam University,793,Pakistan,66
Qom University of Medical Sciences,792,Iran,37
Qingdao University,791,China,13
Qazvin University of Medical Sciences,790,Iran,37
Qatar University,789,Qatar,72
Qassim University,788,Unknown Location,95
Pusan National University,787,Unknown Location,95
Purdue University West Lafayette,786,United States,94
Public University of Navarre,785,Spain,81
Princeton University,784,United States,94
Prince of Songkla University,782,Thailand,87
Pontifical Catholic University of Valparaíso,771,Chile,12
Prince Sattam Bin Abdulaziz University,781,Saudi Arabia,74
Prague University of Economics and Business,780,Czech Republic,19
Poznan University of Technology,779,Poland,69
Poznan University of Medical Sciences,778,Poland,69
Portland State University,777,United States,94
Port Said University,776,Egypt,22
Pontifícia Universidade Católica do Paraná,775,Brazil,8
Pontificia Universidad Católica del Ecuador,774,Ecuador,21
Pontificia Universidad Católica de Chile,773,Chile,12
Pontifical Javeriana University,772,Colombia,14
Nanjing Agricultural University,638,China,13
Nagoya Institute of Technology,636,Japan,43
Iuliu Haţieganu University of Medicine and Pharmacy Cluj-Napoca,426,Romania,73
Karadeniz Technical University,478,Turkey,89
King Saud University,502,Saudi Arabia,74
King Mongkut’s University of Technology Thonburi,501,Thailand,87
King Mongkut’s Institute of Technology Ladkrabang,500,Thailand,87
King Mongkut's University of Technology North Bangkok,499,Thailand,87
King Khalid University,498,Saudi Arabia,74
King Faisal University,497,Saudi Arabia,74
King Fahd University of Petroleum and Minerals,496,Saudi Arabia,74
King Abdulaziz University,495,Unknown Location,95
Kindai University,494,Japan,43
Khulna University of Engineering and Technology (KUET),493,Bangladesh,5
Khon Kaen University,492,Thailand,87
Kharkiv National University of Radio Electronics,491,Ukraine,91
Kharazmi University,490,Iran,37
Khalifa University,489,Unknown Location,95
Kermanshah University of Medical Sciences,488,Iran,37
Kerman University of Medical Sciences,487,Iran,37
Keio University,486,Japan,43
Keele University,485,United Kingdom,93
Kaunas University of Technology,484,Lithuania,49
Kashan University of Medical Sciences and Health Services,483,Iran,37
Kasetsart University,482,Thailand,87
Karolinska Institute,481,Sweden,83
Karlstad University,480,Sweden,83
King Saud bin Abdulaziz University for Health Sciences,503,Saudi Arabia,74
Kingston University,504,United Kingdom,93
King’s College London,505,United Kingdom,93
Koç University,518,Turkey,89
Kyoto University,528,Japan,43
Kyoto Sangyo University,527,Japan,43
Kyoto Prefectural University of Medicine,526,Japan,43
Kyoto Institute of Technology,525,Japan,43
Kwansei Gakuin University,524,Japan,43
Kwame Nkrumah University of Science and Technology,523,Ghana,30
Kuwait University,522,Unknown Location,95
Kurume University,521,Japan,43
Kurdistan University of Medical Sciences,520,Iran,37
Kumamoto University,519,Japan,43
Korea University,517,Unknown Location,95
Kirikkale University,506,Turkey,89
Korea Advanced Institute of Science and Technology (KAIST),516,South Korea,80
Kore University of Enna,515,Italy,41
Kookmin University,514,South Korea,80
Konkuk University,513,South Korea,80
Kogakuin University,512,Japan,43
Kochi University of Technology,511,Japan,43
Kochi University,510,Japan,43
Kocaeli University,509,Turkey,89
Kobe University,508,Japan,43
Kitasato University,507,Japan,43
Karlsruhe Institute of Technology,479,Germany,29
Karabük University,477,Turkey,89
Kyungpook National University,530,Unknown Location,95
Kaohsiung Medical University,476,Taiwan,85
Jiangxi University of Finance and Economics,449,China,13
Jiangsu University,448,China,13
Jiangsu Normal University,447,China,13
Jiangnan University,446,Unknown Location,95
Jianghan University,445,China,13
Jeonbuk National University,444,Unknown Location,95
Jeju National University,443,Unknown Location,95
Jean Moulin University – Lyon 3,442,France,27
Jazan University,441,Saudi Arabia,74
Jawaharlal Nehru University,440,India,35
Jawaharlal Nehru Technological University Anantapur (JNTUA),439,India,35
Jaume I University,438,Spain,81
Jan Evangelista Purkyně University,437,Czech Republic,19
Jamia Millia Islamia,436,India,35
Jamia Hamdard University,435,India,35
James Cook University,434,Australia,2
Jagiellonian University,433,Poland,69
Jadavpur University,432,India,35
JSS Academy of Higher Education and Research,431,India,35
Izmir Institute of Technology,430,Turkey,89
Iwate University,429,Japan,43
Ivane Javakhishvili Tbilisi State University,428,Georgia,28
Ivan Franko National University of Lviv,427,Ukraine,91
Jimma University,450,Ethiopia,24
Jinan University,451,China,13
Johannes Gutenberg University of Mainz,452,Germany,29
Kafrelsheikh University,465,Egypt,22
Kansas State University,475,United States,94
Kansai University,474,Japan,43
Kansai Medical University,473,Japan,43
Kangwon National University,472,Unknown Location,95
Kanazawa University,471,Japan,43
Kanazawa Medical University,470,Japan,43
Kanagawa University,469,Japan,43
Kalasalingam Academy of Research and Education,468,India,35
Kagoshima University,467,Japan,43
Kagawa University,466,Japan,43
KU Leuven,464,Unknown Location,95
Johannes Kepler University of Linz,453,Austria,3
KTH Royal Institute of Technology,463,Sweden,83
KL University,462,India,35
KIIT University,461,Unknown Location,95
K.N. Toosi University of Technology,460,Iran,37
Jönköping University,459,Sweden,83
Justus Liebig University Giessen,458,Germany,29
Juntendo University,457,Japan,43
Jouf University,456,Saudi Arabia,74
Jordan University of Science and Technology,455,Jordan,44
Johns Hopkins University,454,United States,94
Kyung Hee University,529,Unknown Location,95
Kyushu Institute of Technology (Kyutech),531,Japan,43
Nagoya City University,635,Japan,43
Maria Curie-Skłodowska University (UMCS),584,Poland,69
Metropolitan Autonomous University,608,Mexico,54
Menoufia University,607,Egypt,22
Mendel University in Brno,606,Czech Republic,19
Memorial University of Newfoundland,605,Unknown Location,95
Meijo University,604,Japan,43
Meiji University,603,Japan,43
Medical University of Vienna,602,Austria,3
Medical University of Silesia in Katowice,601,Poland,69
Medical University of Lodz,600,Poland,69
Medical University of Innsbruck,599,Austria,3
Medical University of Graz,598,Austria,3
Medical University of Gdańsk,597,Poland,69
Medical University of Bialystok,596,Poland,69
McMaster University,595,Unknown Location,95
McGill University,594,Unknown Location,95
Mazandaran University of Medical Sciences,593,Iran,37
Maynooth University,592,Ireland,39
Matej Bel University,591,Slovakia,77
Massey University,590,New Zealand,61
Massachusetts Institute of Technology,589,United States,94
Mashhad University of Medical Sciences,588,Iran,37
Masaryk University,587,Czech Republic,19
Marquette University,586,United States,94
Michigan State University,609,United States,94
Middle East Technical University,610,Turkey,89
Middlesex University,611,United Kingdom,93
Montpellier University,624,France,27
Nagasaki University,634,Japan,43
Nagaoka University of Technology,633,Japan,43
NOVA University of Lisbon,632,Portugal,70
M’Hamed Bougara University of Boumerdès,631,Algeria,0
Mustansiriyah University,630,Iraq,38
Muroran Institute of Technology,629,Japan,43
Murdoch University,628,Australia,2
Multimedia University,627,Malaysia,51
Muhimbili University of Health and Allied Sciences,626,Tanzania,86
Morgan State University,625,United States,94
Monterrey Institute of Technology,623,Unknown Location,95
Mie University,612,Japan,43
Montana State University,622,United States,94
Monash University,621,Australia,2
Mohammed V University of Rabat,620,Morocco,56
Mizzou - University of Missouri,619,United States,94
Missouri University of Science and Technology,618,United States,94
Mississippi State University,617,United States,94
Minia University,616,Egypt,22
Ming Chuan University,615,Taiwan,85
Ming Chi University of Technology,614,Taiwan,85
Miguel Hernández University of Elche,613,Spain,81
Marmara University,585,Turkey,89
Marche Polytechnic University,583,Italy,41
Kyushu University,532,Japan,43
Mapúa University,582,Unknown Location,95
London School of Economics and Political Science,555,United Kingdom,93
Lodz University of Technology,554,Poland,69
Liverpool John Moores University,553,United Kingdom,93
Lithuanian University of Health Sciences,552,Lithuania,49
Linköping University,551,Sweden,83
Lincoln University,550,New Zealand,61
Leuphana University of Lüneburg,549,Germany,29
Leiden University,548,Unknown Location,95
Leibniz University Hannover,547,Germany,29
Lehigh University,546,United States,94
Leeds Beckett University,545,United Kingdom,93
Lebanese University,544,Lebanon,48
Lebanese American University,543,Lebanon,48
Latvia University of Life Sciences and Technologies,542,Latvia,47
Lappeenranta-Lahti University of Technology LUT,541,Finland,26
Lancaster University,540,United Kingdom,93
Lakehead University,539,Canada,11
Lahore University of Management Sciences,538,Pakistan,66
Lahore College for Women University (LCWU),537,Pakistan,66
Ladoke Akintola University of Technology,536,Nigeria,62
La Trobe University,535,Unknown Location,95
LMU Munich,534,Unknown Location,95
L.N. Gumilyov Eurasian National University,533,Kazakhstan,45
London South Bank University,556,United Kingdom,93
Londrina State University,557,Brazil,8
Lorestan University,558,Iran,37
Mae Fah Luang University,571,Thailand,87
Mansoura University,581,Egypt,22
Manisa Celal Bayar University,580,Turkey,89
Manipal Academy of Higher Education,579,India,35
Manchester Metropolitan University,578,United Kingdom,93
Makerere University,577,Uganda,90
Majmaah University,576,Saudi Arabia,74
Mahidol University,575,Thailand,87
Mahatma Gandhi University,574,India,35
Mahasarakham University,573,Thailand,87
Maharishi Markandeshwar University (MMU),572,Unknown Location,95
Macquarie University,570,Australia,2
Loughborough University,559,United Kingdom,93
Mackenzie Presbyterian University,569,Brazil,8
Macau University of Science and Technology,568,Unknown Location,95
Maastricht University,567,Netherlands,60
Lviv Polytechnic National University,566,Ukraine,91
Lusophone University of Humanities and Technologies,565,Portugal,70
Lund University,564,Sweden,83
"Lumière University, Lyon 2",563,France,27
Lucian Blaga University of Sibiu,562,Romania,73
Lovely Professional University,561,Unknown Location,95
Louisiana State University,560,United States,94
​Shahid Chamran University of Ahvaz,1696,Iran,37
